Metric,Value
auroc,0.7788233693146897
aupr_out,0.8702095227913025
aupr_in,0.6216132026480171
fpr_at_95_tpr,0.6413
detection_error,0.26717627535341115
roc_curve_data,"(array([0.    , 0.    , 0.    , ..., 0.9951, 0.9976, 1.    ]), array([0.00000000e+00, 3.84142594e-05, 7.68285187e-05, ...,
       9.99923171e-01, 9.99961586e-01, 1.00000000e+00]))"
pr_curve_out_data,"(array([1.00000000e+00, 9.99961586e-01, 9.99923171e-01, ...,
       7.68285187e-05, 3.84142594e-05, 0.00000000e+00]), array([0.72246892, 0.72294276, 0.72343737, ..., 1.        , 1.        ,
       1.        ]))"
pr_curve_in_data,"(array([1.    , 1.    , 1.    , ..., 0.0049, 0.0024, 0.    ]), array([0.27753108, 0.27753879, 0.27754649, ..., 0.96078431, 0.96      ,
       1.        ]))"
