Metric,Value
auroc,0.806095956899201
aupr_out,0.8882614126518062
aupr_in,0.6622037378796085
fpr_at_95_tpr,0.5764
detection_error,0.24721687154271668
roc_curve_data,"(array([0.000e+00, 1.000e-04, 1.000e-04, ..., 9.988e-01, 9.996e-01,
       1.000e+00]), array([0.        , 0.        , 0.00130608, ..., 1.        , 1.        ,
       1.        ]))"
pr_curve_out_data,"(array([1.00000000e+00, 1.00000000e+00, 1.00000000e+00, ...,
       3.84142594e-05, 0.00000000e+00, 0.00000000e+00]), array([0.72246892, 0.72250902, 0.72254913, ..., 0.5       , 0.        ,
       1.        ]))"
pr_curve_in_data,"(array([1.000e+00, 9.999e-01, 9.999e-01, ..., 4.000e-04, 2.000e-04,
       0.000e+00]), array([0.27753108, 0.27751103, 0.27751873, ..., 1.        , 1.        ,
       1.        ]))"
