Metric,Value
auroc,0.8044273049999999
aupr_out,0.7543618759516992
aupr_in,0.8305265528356376
fpr_at_95_tpr,0.5354
detection_error,0.25485
roc_curve_data,"(array([0.    , 0.    , 0.    , ..., 0.9839, 0.9892, 1.    ]), array([0.000e+00, 1.000e-04, 7.000e-04, ..., 9.995e-01, 9.998e-01,
       1.000e+00]))"
pr_curve_out_data,"(array([1.000e+00, 9.998e-01, 9.995e-01, ..., 2.000e-04, 1.000e-04,
       0.000e+00]), array([0.5       , 0.50266466, 0.50393264, ..., 1.        , 1.        ,
       1.        ]))"
pr_curve_in_data,"(array([1.    , 1.    , 1.    , ..., 0.0161, 0.0108, 0.    ]), array([0.5       , 0.500025  , 0.50005001, ..., 0.96987952, 0.98181818,
       1.        ]))"
