Metric,Value
auroc,0.8057823900000001
aupr_out,0.7641549323341087
aupr_in,0.8145095061008234
fpr_at_95_tpr,0.5782
detection_error,0.2512
roc_curve_data,"(array([0.    , 0.    , 0.    , ..., 0.9931, 0.9973, 1.    ]), array([0.000e+00, 1.000e-04, 5.000e-04, ..., 9.999e-01, 1.000e+00,
       1.000e+00]))"
pr_curve_out_data,"(array([1.000e+00, 1.000e+00, 9.999e-01, ..., 2.000e-04, 1.000e-04,
       0.000e+00]), array([0.5       , 0.50067591, 0.50170597, ..., 1.        , 1.        ,
       1.        ]))"
pr_curve_in_data,"(array([1.    , 1.    , 1.    , ..., 0.0069, 0.0027, 0.    ]), array([0.5       , 0.500025  , 0.50005001, ..., 0.98571429, 1.        ,
       1.        ]))"
